{
    "7": {
        "22192524-d350-11ec-82dd-4567b7844dfe": {
            "gt": 28429.36340590834,
            "ope": 87267.265625
        },
        "eb77ae2e-d34e-11ec-82dd-4567b7844dfe": {
            "gt": 128993.35886065415,
            "ope": 238606.703125
        },
        "52d9d2fc-d351-11ec-82dd-4567b7844dfe": {
            "gt": 70764.5153358192,
            "ope": 222899.5
        }
    },
    "42": {
        "22192524-d350-11ec-82dd-4567b7844dfe": {
            "gt": 28429.36340590834,
            "ope": 37583.6875
        },
        "eb77ae2e-d34e-11ec-82dd-4567b7844dfe": {
            "gt": 128993.35886065415,
            "ope": 135293.078125
        },
        "52d9d2fc-d351-11ec-82dd-4567b7844dfe": {
            "gt": 70764.5153358192,
            "ope": 187803.203125
        }
    },
    "210": {
        "22192524-d350-11ec-82dd-4567b7844dfe": {
            "gt": 28429.36340590834,
            "ope": 99668.015625
        },
        "eb77ae2e-d34e-11ec-82dd-4567b7844dfe": {
            "gt": 128993.35886065415,
            "ope": 180307.9375
        },
        "52d9d2fc-d351-11ec-82dd-4567b7844dfe": {
            "gt": 70764.5153358192,
            "ope": 123188.375
        }
    }
}